{"path":[[-73.42886,42.02885],[-73.43129,42.02969],[-73.4339,42.03063],[-73.43663,42.03112],[-73.43971,42.03095],[-73.44233,42.02987],[-73.44535,42.02965],[-73.44549,42.0307],[-73.4474,42.03192],[-73.44902,42.03382],[-73.45104,42.03536],[-73.45371,42.03511],[-73.45487,42.03345],[-73.45346,42.03182],[-73.45297,42.02971],[-73.45428,42.02771],[-73.45252,42.02592],[-73.45347,42.02427],[-73.455,42.02245],[-73.45488,42.02032],[-73.45547,42.01814],[-73.45427,42.0162],[-73.45244,42.01447],[-73.45175,42.01241],[-73.44957,42.01096],[-73.44813,42.00928],[-73.4467,42.00742],[-73.44663,42.00548],[-73.44531,42.0052],[-73.44348,42.00689],[-73.44167,42.00786],[-73.43931,42.00817],[-73.43801,42.00623],[-73.4365,42.00452],[-73.43493,42.0027],[-73.43418,42.00063],[-73.43398,41.99847],[-73.43161,41.99753],[-73.42927,41.9966],[-73.42826,41.99451],[-73.42698,41.99397],[-73.42457,41.99403],[-73.4223,41.99276],[-73.42166,41.99049],[-73.41889,41.9899],[-73.4168,41.98997],[-73.41503,41.99178],[-73.413,41.99319],[-73.41073,41.99447],[-73.40995,41.99307],[-73.40858,41.99155],[-73.40805,41.98938],[-73.40727,41.9873],[-73.40628,41.98538],[-73.40618,41.98321],[-73.40722,41.9812],[-73.40761,41.97938],[-73.4047,41.97895],[-73.40197,41.97829],[-73.40092,41.97702],[-73.401,41.97479],[-73.40017,41.97411],[-73.39863,41.97604],[-73.39736,41.97557],[-73.39513,41.97651],[-73.39564,41.97852],[-73.39511,41.98067],[-73.39261,41.98083],[-73.3918,41.98258],[-73.38939,41.98156],[-73.38761,41.98048],[-73.38515,41.97936],[-73.38365,41.97777],[-73.38106,41.97707],[-73.37874,41.97611],[-73.37681,41.97437],[-73.3751,41.97272],[-73.37554,41.97197],[-73.37695,41.97101],[-73.37756,41.96883]],"profileFt":[757,821,920,1022,1142,1242,1375,1524,1582,1647,1676,1741,1787,1760,1747,1749,1749,1788,1712,1727,1711,1711,1638,1601,1585,1643,1733,1600,1451,1312,1165,1142,1094,1098,1095,1090,1102,937,847,820,719,687,689,692,675,670,682,742,894,1094,1133,1075,1018,1069,1039,1036,963,994,996,1028,1063,1102,1137,1235,1230,1191,1212,1311,1338,1344,1399,1460,1355,1299,1306,1203,1087,959,873,870]}