{"path":[[-72.7618,41.55776],[-72.76057,41.55756],[-72.75973,41.55781],[-72.76019,41.55959],[-72.76006,41.56158],[-72.75927,41.56338],[-72.7583,41.56516],[-72.75798,41.56653],[-72.75866,41.56719],[-72.75727,41.5688],[-72.75543,41.56938],[-72.7538,41.57082],[-72.75236,41.57172],[-72.75145,41.57351],[-72.74901,41.57433],[-72.74628,41.5749],[-72.74438,41.57481],[-72.74394,41.57308],[-72.74108,41.57304],[-72.73902,41.57217],[-72.73902,41.56998],[-72.73856,41.56782],[-72.73601,41.56745],[-72.73404,41.56896],[-72.73266,41.57086],[-72.73167,41.5697],[-72.73027,41.56867],[-72.72978,41.56721],[-72.7285,41.56912],[-72.72689,41.57082],[-72.72426,41.57017],[-72.72196,41.5688],[-72.72107,41.56677],[-72.72158,41.56478],[-72.7229,41.56288],[-72.72291,41.56084],[-72.72268,41.5587],[-72.72468,41.55763],[-72.72735,41.55716],[-72.72976,41.55632],[-72.73234,41.55626],[-72.73454,41.55561],[-72.7367,41.55528],[-72.73823,41.55367],[-72.74024,41.55326],[-72.74088,41.55124],[-72.74145,41.54918],[-72.74194,41.54714],[-72.74239,41.54508],[-72.74162,41.54343],[-72.74292,41.54164],[-72.74407,41.53975],[-72.74429,41.53771],[-72.74432,41.53585],[-72.74439,41.53384],[-72.74404,41.53196],[-72.74332,41.53015],[-72.74105,41.53069],[-72.73901,41.5322],[-72.73666,41.53337],[-72.73402,41.53414],[-72.73153,41.53479],[-72.73121,41.53301],[-72.73338,41.53176],[-72.736,41.531],[-72.73757,41.52928],[-72.74012,41.52861],[-72.74085,41.52663],[-72.74107,41.52454],[-72.7424,41.52263],[-72.74387,41.52104],[-72.74428,41.51902],[-72.74545,41.5172],[-72.74614,41.51514],[-72.74653,41.51305],[-72.74701,41.5109],[-72.74708,41.50876],[-72.74678,41.50664],[-72.74655,41.50451],[-72.74579,41.50276]],"profileFt":[359,481,576,599,586,552,469,411,327,378,359,337,354,308,299,247,307,315,244,246,198,169,160,161,151,184,212,210,211,206,220,308,303,315,351,357,345,413,464,482,516,602,693,679,709,878,866,804,673,649,697,792,809,822,745,688,668,536,530,530,474,418,430,491,551,572,549,597,468,586,627,646,609,647,769,658,654,671,711,766]}