{"path":[[-72.90522,41.42081],[-72.90458,41.42109],[-72.90438,41.42168],[-72.90356,41.4218],[-72.90314,41.4212],[-72.90319,41.42065],[-72.90257,41.42075],[-72.90224,41.42145],[-72.90241,41.42217],[-72.90301,41.42268],[-72.90325,41.42318],[-72.90277,41.42378],[-72.90204,41.42416],[-72.90143,41.42461],[-72.90106,41.42518],[-72.90049,41.42554],[-72.89966,41.42577],[-72.899,41.42612],[-72.89874,41.42673],[-72.89887,41.42738],[-72.89855,41.42807],[-72.89866,41.42857],[-72.89779,41.42849],[-72.89718,41.42794],[-72.89636,41.428],[-72.89568,41.42851],[-72.89503,41.42894],[-72.89427,41.42916],[-72.89373,41.42961],[-72.89282,41.42957],[-72.89209,41.42997],[-72.89122,41.43028],[-72.89034,41.43054],[-72.88987,41.43117],[-72.8892,41.43166],[-72.88856,41.43218],[-72.88803,41.43259],[-72.8872,41.4329],[-72.88636,41.43329],[-72.88562,41.43375],[-72.88499,41.43376],[-72.88404,41.43374],[-72.88313,41.4339],[-72.88226,41.43409],[-72.88146,41.43446],[-72.88119,41.43512],[-72.88129,41.43581],[-72.88155,41.4364],[-72.88168,41.43687],[-72.88097,41.43668],[-72.88006,41.43661],[-72.87966,41.4372],[-72.87942,41.43791],[-72.87878,41.43809],[-72.87781,41.43815],[-72.8772,41.43828],[-72.87736,41.43757],[-72.87756,41.43685],[-72.87793,41.43618],[-72.87843,41.43559],[-72.87861,41.43489],[-72.87826,41.43424],[-72.87757,41.43448],[-72.87683,41.43477],[-72.87648,41.43431],[-72.87643,41.43377],[-72.87557,41.43352],[-72.87459,41.43357],[-72.87361,41.43364],[-72.87269,41.4336],[-72.87213,41.43299],[-72.8713,41.43263],[-72.87039,41.43234],[-72.86945,41.43241],[-72.86856,41.4323],[-72.86761,41.43224],[-72.86683,41.43269],[-72.86586,41.4328],[-72.86489,41.43291],[-72.8639,41.43298]],"profileFt":[129,117,114,92,92,93,90,92,90,156,221,206,247,383,508,603,626,653,639,652,589,487,496,518,566,613,657,677,625,612,668,706,714,726,714,702,645,596,612,571,521,548,610,650,650,694,661,586,617,672,663,684,652,638,596,572,562,575,602,629,644,663,621,606,533,468,452,441,426,402,384,370,361,336,314,299,291,279,255,238]}