{"path":[[-72.78876,41.60637],[-72.78989,41.60742],[-72.7907,41.60578],[-72.79106,41.6041],[-72.79307,41.60366],[-72.79536,41.60348],[-72.79677,41.60436],[-72.79625,41.60619],[-72.79583,41.60787],[-72.79831,41.60768],[-72.79992,41.60822],[-72.80187,41.60759],[-72.80314,41.60801],[-72.80493,41.60786],[-72.80674,41.60686],[-72.80897,41.60612],[-72.81118,41.60613],[-72.81154,41.60774],[-72.81262,41.60753],[-72.81424,41.60629],[-72.81562,41.60503],[-72.8172,41.60379],[-72.81755,41.60451],[-72.81826,41.60455],[-72.81998,41.60328],[-72.8219,41.60249],[-72.8241,41.60255],[-72.82612,41.60247],[-72.82496,41.60359],[-72.82342,41.60459],[-72.82178,41.60582],[-72.82033,41.60724],[-72.82051,41.60882],[-72.82102,41.60986],[-72.82139,41.61166],[-72.82284,41.61251],[-72.82193,41.61401],[-72.82034,41.61519],[-72.82161,41.61593],[-72.82267,41.61703],[-72.82306,41.6183],[-72.82135,41.61939],[-72.82038,41.62073],[-72.82109,41.62212],[-72.82105,41.6238],[-72.81928,41.62478],[-72.81768,41.626],[-72.8164,41.62728],[-72.81458,41.62824],[-72.81464,41.63],[-72.81351,41.63159],[-72.81381,41.63305],[-72.81295,41.6347],[-72.81127,41.63593],[-72.80999,41.63734],[-72.80859,41.63852],[-72.80779,41.64003],[-72.80978,41.64029],[-72.81156,41.64014],[-72.81324,41.63975],[-72.81468,41.64035],[-72.81655,41.63947],[-72.81865,41.63962],[-72.81983,41.63825],[-72.82142,41.63685],[-72.82295,41.63541],[-72.82413,41.6338],[-72.82423,41.63206],[-72.82531,41.63044],[-72.82611,41.63021],[-72.82804,41.62999],[-72.82945,41.63117],[-72.83156,41.63127],[-72.83336,41.63007],[-72.83465,41.63123],[-72.83438,41.63308],[-72.83589,41.63399],[-72.83763,41.63493],[-72.83835,41.6367],[-72.83827,41.63856]],"profileFt":[206,226,225,246,234,206,201,216,237,175,179,182,189,209,197,201,214,217,216,212,210,231,267,321,406,466,512,435,458,480,437,345,304,327,373,431,512,641,719,745,694,649,649,657,598,595,539,532,490,481,458,466,461,426,441,419,395,381,380,400,430,467,505,496,504,525,578,605,653,542,551,524,456,434,439,420,414,414,417,421]}