{"path":[[-72.79747,41.82856],[-72.79742,41.82918],[-72.79754,41.82976],[-72.79732,41.83039],[-72.79727,41.83103],[-72.79719,41.83168],[-72.79689,41.83229],[-72.79695,41.83293],[-72.79672,41.83355],[-72.79634,41.83404],[-72.79631,41.83465],[-72.79624,41.83527],[-72.79623,41.83588],[-72.79565,41.83609],[-72.79482,41.83599],[-72.79401,41.83607],[-72.7932,41.83629],[-72.79249,41.8362],[-72.79205,41.83647],[-72.7915,41.83647],[-72.79124,41.83585],[-72.79095,41.83523],[-72.79032,41.83487],[-72.78991,41.8347],[-72.79041,41.83416],[-72.79033,41.83355],[-72.7897,41.83317],[-72.78953,41.83255],[-72.78877,41.83276],[-72.78808,41.83311],[-72.78721,41.83321],[-72.78652,41.83352],[-72.7867,41.83414],[-72.78648,41.83477],[-72.78632,41.83541],[-72.78647,41.83603],[-72.78657,41.83666],[-72.78675,41.83721],[-72.78619,41.83749],[-72.7856,41.8376],[-72.78496,41.83803],[-72.78475,41.83858],[-72.78431,41.83912],[-72.78395,41.83973],[-72.7834,41.84022],[-72.78304,41.8408],[-72.7831,41.84143],[-72.78334,41.84206],[-72.7835,41.84261],[-72.78355,41.84326],[-72.78335,41.84386],[-72.78353,41.84449],[-72.78363,41.84513],[-72.78355,41.84576],[-72.78357,41.84634],[-72.78361,41.84693],[-72.78326,41.84752],[-72.78324,41.84815],[-72.78326,41.84879],[-72.78324,41.84943],[-72.78293,41.85005],[-72.78287,41.85069],[-72.78268,41.85132],[-72.78308,41.8518],[-72.78276,41.8524],[-72.78279,41.85304],[-72.78256,41.85364],[-72.78249,41.85428],[-72.7826,41.85491],[-72.78256,41.85556],[-72.78216,41.85615],[-72.78172,41.85672],[-72.78129,41.85728],[-72.78092,41.85785],[-72.78039,41.85836],[-72.77978,41.8588],[-72.7793,41.85936],[-72.77893,41.85995],[-72.77874,41.86059],[-72.77875,41.86125]],"profileFt":[896,900,902,907,909,911,885,869,851,847,853,845,832,814,780,758,707,670,648,606,581,545,524,525,546,560,554,571,562,534,526,523,491,502,496,463,437,418,418,431,436,434,431,427,437,502,555,573,593,610,643,659,678,688,673,664,665,672,654,641,628,627,623,620,617,653,679,707,728,723,705,717,715,709,693,670,627,600,567,534]}